"喂乖袋粗","乖き黎の柜〔孟拌","プラン柒推","ファミリ〖プラン〔客眶","迹闻锐脱","烬巢秽舜〔稿颁俱巢","祭陕秽舜","清浸勒扦","啡掠墒禄巢","颠辩荚锐脱","挂鄂怠大瞒〔缄操湿觅变〔霹锐脱","オプション〔PAタイプ","オプション〔PBタイプ","オプション〔PCタイプ","LEGAL_TASK"
"","","","","","","","","","","","","","",""
"1","联买してください","改客プラン≮お办客の眷圭≯","2","500它边∥780边∠","500它边∥60边∠","500它边∥90边∠","3000它边∥10边∠","20它边∥90边∠","500它边∥20边∠","10它边∥80边∠","true","true","true","true"
"1","联买してください","改客プラン≮お办客の眷圭≯","2","500它边∥780边∠","500它边∥60边∠","500它边∥90边∠","3000它边∥10边∠","20它边∥90边∠","500它边∥20边∠","10它边∥80边∠","true","true","false","true"
"1","联买してください","改客プラン≮お办客の眷圭≯","2","500它边∥780边∠","500它边∥60边∠","500它边∥90边∠","3000它边∥10边∠","20它边∥90边∠","500它边∥20边∠","10它边∥80边∠","true","false","true","true"
"1","联买してください","改客プラン≮お办客の眷圭≯","2","500它边∥780边∠","500它边∥60边∠","500它边∥90边∠","3000它边∥10边∠","20它边∥90边∠","500它边∥20边∠","10它边∥80边∠","true","false","false","true"
"1","联买してください","改客プラン≮お办客の眷圭≯","2","500它边∥780边∠","500它边∥60边∠","500它边∥90边∠","3000它边∥10边∠","20它边∥90边∠","500它边∥20边∠","10它边∥80边∠","false","true","true","true"
"1","联买してください","改客プラン≮お办客の眷圭≯","2","500它边∥780边∠","500它边∥60边∠","500它边∥90边∠","3000它边∥10边∠","20它边∥90边∠","500它边∥20边∠","10它边∥80边∠","false","true","false","true"
"1","联买してください","改客プラン≮お办客の眷圭≯","2","500它边∥780边∠","500它边∥60边∠","500它边∥90边∠","3000它边∥10边∠","20它边∥90边∠","500它边∥20边∠","10它边∥80边∠","false","false","true","true"
"1","联买してください","改客プラン≮お办客の眷圭≯","2","500它边∥780边∠","500它边∥60边∠","500它边∥90边∠","3000它边∥10边∠","20它边∥90边∠","500它边∥20边∠","10它边∥80边∠","false","false","false","true"
"1","联买してください","改客プラン≮お办客の眷圭≯","2","500它边∥780边∠","500它边∥60边∠","500它边∥90边∠","3000它边∥10边∠","20它边∥90边∠","500它边∥20边∠","なし","true","true","true","true"
"1","联买してください","改客プラン≮お办客の眷圭≯","2","500它边∥780边∠","500它边∥60边∠","500它边∥90边∠","3000它边∥10边∠","20它边∥90边∠","500它边∥20边∠","なし","true","true","false","true"
"1","联买してください","改客プラン≮お办客の眷圭≯","2","500它边∥780边∠","500它边∥60边∠","500它边∥90边∠","3000它边∥10边∠","20它边∥90边∠","500它边∥20边∠","なし","true","false","true","true"
"1","联买してください","改客プラン≮お办客の眷圭≯","2","500它边∥780边∠","500它边∥60边∠","500它边∥90边∠","3000它边∥10边∠","20它边∥90边∠","500它边∥20边∠","なし","true","false","false","true"
"1","联买してください","改客プラン≮お办客の眷圭≯","2","500它边∥780边∠","500它边∥60边∠","500它边∥90边∠","3000它边∥10边∠","20它边∥90边∠","500它边∥20边∠","なし","false","true","true","true"
"1","联买してください","改客プラン≮お办客の眷圭≯","2","500它边∥780边∠","500它边∥60边∠","500它边∥90边∠","3000它边∥10边∠","20它边∥90边∠","500它边∥20边∠","なし","false","true","false","true"
"1","联买してください","改客プラン≮お办客の眷圭≯","2","500它边∥780边∠","500它边∥60边∠","500它边∥90边∠","3000它边∥10边∠","20它边∥90边∠","500它边∥20边∠","なし","false","false","true","true"
"1","联买してください","改客プラン≮お办客の眷圭≯","2","500它边∥780边∠","500它边∥60边∠","500它边∥90边∠","3000它边∥10边∠","20它边∥90边∠","500它边∥20边∠","なし","false","false","false","true"
"1","联买してください","改客プラン≮お办客の眷圭≯","2","500它边∥780边∠","500它边∥60边∠","500它边∥90边∠","3000它边∥10边∠","20它边∥90边∠","1000它边∥20边∠","10它边∥80边∠","true","true","true","true"
"1","联买してください","改客プラン≮お办客の眷圭≯","2","500它边∥780边∠","500它边∥60边∠","500它边∥90边∠","3000它边∥10边∠","20它边∥90边∠","1000它边∥20边∠","10它边∥80边∠","true","true","false","true"
"1","联买してください","改客プラン≮お办客の眷圭≯","2","500它边∥780边∠","500它边∥60边∠","500它边∥90边∠","3000它边∥10边∠","20它边∥90边∠","1000它边∥20边∠","10它边∥80边∠","true","false","true","true"
"1","联买してください","改客プラン≮お办客の眷圭≯","2","500它边∥780边∠","500它边∥60边∠","500它边∥90边∠","3000它边∥10边∠","20它边∥90边∠","1000它边∥20边∠","10它边∥80边∠","true","false","false","true"
"1","联买してください","改客プラン≮お办客の眷圭≯","2","500它边∥780边∠","500它边∥60边∠","500它边∥90边∠","3000它边∥10边∠","20它边∥90边∠","1000它边∥20边∠","10它边∥80边∠","false","true","true","true"
"1","联买してください","改客プラン≮お办客の眷圭≯","2","500它边∥780边∠","500它边∥60边∠","500它边∥90边∠","3000它边∥10边∠","20它边∥90边∠","1000它边∥20边∠","10它边∥80边∠","false","true","false","true"
"1","联买してください","改客プラン≮お办客の眷圭≯","2","500它边∥780边∠","500它边∥60边∠","500它边∥90边∠","3000它边∥10边∠","20它边∥90边∠","1000它边∥20边∠","10它边∥80边∠","false","false","true","true"
"1","联买してください","改客プラン≮お办客の眷圭≯","2","500它边∥780边∠","500它边∥60边∠","500它边∥90边∠","3000它边∥10边∠","20它边∥90边∠","1000它边∥20边∠","10它边∥80边∠","false","false","false","true"
"1","联买してください","改客プラン≮お办客の眷圭≯","2","500它边∥780边∠","500它边∥60边∠","500它边∥90边∠","3000它边∥10边∠","20它边∥90边∠","1000它边∥20边∠","なし","true","true","true","true"
"1","联买してください","改客プラン≮お办客の眷圭≯","2","500它边∥780边∠","500它边∥60边∠","500它边∥90边∠","3000它边∥10边∠","20它边∥90边∠","1000它边∥20边∠","なし","true","true","false","true"
"1","联买してください","改客プラン≮お办客の眷圭≯","2","500它边∥780边∠","500它边∥60边∠","500它边∥90边∠","3000它边∥10边∠","20它边∥90边∠","1000它边∥20边∠","なし","true","false","true","true"
"1","联买してください","改客プラン≮お办客の眷圭≯","2","500它边∥780边∠","500它边∥60边∠","500它边∥90边∠","3000它边∥10边∠","20它边∥90边∠","1000它边∥20边∠","なし","true","false","false","true"
"1","联买してください","改客プラン≮お办客の眷圭≯","2","500它边∥780边∠","500它边∥60边∠","500它边∥90边∠","3000它边∥10边∠","20它边∥90边∠","1000它边∥20边∠","なし","false","true","true","true"
"1","联买してください","改客プラン≮お办客の眷圭≯","2","500它边∥780边∠","500它边∥60边∠","500它边∥90边∠","3000它边∥10边∠","20它边∥90边∠","1000它边∥20边∠","なし","false","true","false","true"
